,loss,vxm_dense_transformer_loss,vxm_dense_flow_resize_loss
0,0.0015027966583147645,0.0014957648236304522,0.0007032572757452726
1,0.00132810790091753,0.0012910926016047597,0.0037014952395111322
2,0.0012483393074944615,0.001169998082332313,0.007834084331989288
3,0.0010048846015706658,0.000927905784919858,0.00769786536693573
4,0.0009684028336778283,0.0008766812970861793,0.009172188118100166
5,0.0008902419940568507,0.0008009618613868952,0.008928025141358376
6,0.0009898171992972493,0.0008784566889517009,0.011136059649288654
7,0.00073578319279477,0.0006545132491737604,0.008126985281705856
8,0.000838396605104208,0.0007313587702810764,0.010703789070248604
9,0.0008670357055962086,0.0007528806454502046,0.011415522545576096
10,0.000744677847251296,0.0006430279463529587,0.010164987295866013
11,0.0007064613164402544,0.0006054773693904281,0.010098401457071304
12,0.000634363095741719,0.0005477790837176144,0.008658405393362045
13,0.0008027151925489306,0.0006848638295195997,0.011785144917666912
14,0.0007418397581204772,0.0006323974812403321,0.010944241657853127
15,0.0007154039340093732,0.0006097155273891985,0.010568831115961075
16,0.0006479450967162848,0.0005523987347260118,0.009554613381624222
17,0.000732493179384619,0.0006249971920624375,0.010749570094048977
18,0.000636242562904954,0.0005394197069108486,0.00968226883560419
19,0.0006578045431524515,0.0005514204967767,0.010638389736413956
20,0.0007359653245657682,0.0006248942227102816,0.011107120662927628
21,0.0007075478788465261,0.0005895288777537644,0.011801893822848797
22,0.0006724191480316222,0.0005662977928295732,0.010612127371132374
23,0.0008165632025338709,0.0006809147307649255,0.013564832508563995
24,0.0006200977950356901,0.0005277285818010569,0.00923692062497139
25,0.0006587745156139135,0.0005514791700989008,0.010729537345468998
26,0.0006934624398127198,0.0005770226125605404,0.011643964797258377
27,0.000710461987182498,0.0005962062859907746,0.011425579898059368
28,0.000804784067440778,0.0006625790265388787,0.014220505021512508
29,0.0007907123654149473,0.0006578715401701629,0.01328407134860754
30,0.0007295965915545821,0.0006124269566498697,0.01171697024255991
31,0.0006462284363806248,0.0005331414868123829,0.011308685876429081
32,0.0006861617439426482,0.0005712603451684117,0.011490152217447758
33,0.0007799090235494077,0.0006522438488900661,0.01276648510247469
34,0.000613690703175962,0.0005085518350824714,0.01051389891654253
35,0.000654252537060529,0.0005423691472969949,0.011188327334821224
36,0.0006483623874373734,0.0005438234657049179,0.010453904047608376
37,0.0006658418569713831,0.0005476506776176393,0.011819115839898586
38,0.0006857317639514804,0.0005659084999933839,0.011982324533164501
39,0.0005692424601875246,0.00047980848466977477,0.0089434077963233
40,0.0006027074996381998,0.0004977498319931328,0.010495755821466446
41,0.0007542052771896124,0.0006273878389038146,0.012681751511991024
42,0.0006487428909167647,0.0005378713249228895,0.01108715869486332
43,0.0005814564065076411,0.00048476122901774943,0.009669527411460876
44,0.0007068612612783909,0.0005846080021001399,0.012225308455526829
45,0.0005827117711305618,0.0004886192036792636,0.009409250691533089
46,0.0006422667065635324,0.0005300876218825579,0.011217938736081123
47,0.0006276751519180834,0.0005143316811881959,0.011334328912198544
48,0.0006473150569945574,0.0005299796466715634,0.011733547784388065
49,0.0005873399786651134,0.00048531906213611364,0.010202077217400074
50,0.000712610490154475,0.0005834743496961892,0.012913620099425316
51,0.0005280009936541319,0.00043507147347554564,0.009292957372963428
52,0.0006558937020599842,0.0005412411992438138,0.011465242132544518
53,0.0007417311426252127,0.0006126752705313265,0.012905593030154705
54,0.0006720715900883079,0.000553116959054023,0.011895463801920414
55,0.0007329391082748771,0.0006030195509083569,0.01299196109175682
56,0.0006712974864058197,0.000546113820746541,0.012518346309661865
57,0.0006581796915270388,0.000539658241905272,0.011852136813104153
58,0.0006412318325601518,0.0005170378717593849,0.012419410981237888
59,0.0006819054251536727,0.0005547902546823025,0.01271152775734663
60,0.0005525669548660517,0.00045316165778785944,0.009940513409674168
61,0.000633257208392024,0.0005195452831685543,0.011371176689863205
62,0.0006963448831811547,0.0005777893238700926,0.011855538934469223
63,0.0006647458067163825,0.0005446220166049898,0.012012382969260216
64,0.0006046941853128374,0.0004915869794785976,0.011310717090964317
65,0.0005997832049615681,0.0004906845861114562,0.010909873060882092
66,0.000568960327655077,0.00046685762936249375,0.010210258886218071
67,0.0006770931649953127,0.000555644161067903,0.012144907377660275
68,0.0006471071392297745,0.0005256765289232135,0.01214304193854332
69,0.0006087197107262909,0.0004928269772790372,0.011589277535676956
70,0.0006898814463056624,0.0005557034746743739,0.013417809270322323
71,0.0006693515460938215,0.0005522802239283919,0.011707128025591373
72,0.0006042528548277915,0.0004936636541970074,0.011058925651013851
73,0.0005057333619333804,0.0004107369459234178,0.009499644860625267
74,0.0006303882109932601,0.000517540262080729,0.011284776963293552
75,0.0007102289819158614,0.0005685003707185388,0.014172879047691822
76,0.0006237488123588264,0.0005011550383642316,0.01225936971604824
77,0.0006377618992701173,0.0005212203832343221,0.011654142290353775
78,0.0006436168332584202,0.000520586792845279,0.012303004041314125
79,0.0007195583893917501,0.0005851463065482676,0.01344121340662241
80,0.0006291341269388795,0.0005082918796688318,0.012084223330020905
81,0.0005839367513544858,0.0004745057667605579,0.010943098925054073
82,0.0005659603048115969,0.00046487338840961456,0.010108696296811104
83,0.0006676714401692152,0.0005412177997641265,0.012645361013710499
84,0.0005998727865517139,0.0004854498547501862,0.011442300863564014
85,0.0006522454787045717,0.0005255040596239269,0.012674149125814438
86,0.0006024314789101481,0.0004845718794967979,0.0117859598249197
87,0.0005424757837317884,0.00044225240708328784,0.010022356174886227
88,0.0006376783712767065,0.0005140270804986358,0.012365128844976425
89,0.0006028605857864022,0.0004894845187664032,0.011337616480886936
90,0.0006138175376690924,0.0004909574054181576,0.012285999953746796
91,0.0006653178716078401,0.0005418945220299065,0.012342332862317562
92,0.0006019476568326354,0.00048286988749168813,0.011907769367098808
93,0.0006798339891247451,0.0005439523956738412,0.013588184490799904
94,0.0007486384129151702,0.0005982503644190729,0.015038818120956421
95,0.0005649628583341837,0.00045591528760269284,0.010904758237302303
96,0.0005797668709419668,0.0004629668837878853,0.01167999766767025
97,0.0006000730209052563,0.00048472362686879933,0.011534929275512695
98,0.0006177945761010051,0.0004993084585294127,0.011848601512610912
99,0.0006390261696651578,0.0005123418522998691,0.012668430805206299
100,0.0006185982492752373,0.0004901110078208148,0.012848729267716408
101,0.0004658016550820321,0.00037186872214078903,0.009393300861120224
102,0.0005527824396267533,0.000446552992798388,0.010622945614159107
103,0.0006387523026205599,0.0005087917088530958,0.012996046803891659
104,0.0006514341221190989,0.0005325946840457618,0.011883947998285294
105,0.0006190622807480395,0.0004986898857168853,0.012037243694067001
106,0.0006813977379351854,0.0005504881264641881,0.013090960681438446
107,0.0005736377788707614,0.00046574376756325364,0.01078940648585558
108,0.0005633766413666308,0.00045388349099084735,0.010949334129691124
109,0.0006463999161496758,0.0005126951145939529,0.013370495289564133
110,0.0005385781987570226,0.00043072865810245275,0.010784969665110111
111,0.0006102834595367312,0.00048297925968654454,0.01273040845990181
112,0.0006948676891624928,0.0005528300534933805,0.014203766360878944
113,0.0006257981876842678,0.0004971896414645016,0.012860864400863647
114,0.0006447741179727018,0.0005179559229873121,0.012681830674409866
115,0.0006409212946891785,0.0005191605305299163,0.0121760917827487
116,0.0005780346691608429,0.000465348013676703,0.011268675327301025
117,0.0005238325684331357,0.0004222393035888672,0.010159336030483246
118,0.0005738508189097047,0.0004608504241332412,0.011300064623355865
119,0.0004951873561367393,0.0003985162766184658,0.009667117148637772
120,0.0006825851160101593,0.0005483014974743128,0.013428344391286373
121,0.0006627851980738342,0.0005271399859338999,0.013564511202275753
122,0.0005967177567072213,0.0004811125691048801,0.011560508981347084
123,0.0006180672207847238,0.0004920033970847726,0.012606360018253326
124,0.0005574420210905373,0.00043861381709575653,0.011882816441357136
125,0.0006670021102763712,0.0005323853110894561,0.013461703434586525
126,0.0005046720616519451,0.00040992163121700287,0.009475038386881351
127,0.0005880477838218212,0.00047550300951115787,0.011254490353167057
128,0.0006413545925170183,0.0005157299456186593,0.012562476098537445
129,0.0005258005694486201,0.0004186015867162496,0.010719900950789452
130,0.0005435280618257821,0.00043496026773937047,0.01085677184164524
131,0.0005975541425868869,0.0004754493711516261,0.0122104836627841
132,0.0005764200468547642,0.0004666291060857475,0.010979099199175835
133,0.000469704536953941,0.00037391812657006085,0.00957863125950098
134,0.0005975982639938593,0.00047434784937649965,0.012325054034590721
135,0.0006544320494867861,0.0005297329043969512,0.012469912879168987
136,0.0006451649824157357,0.0005196908605284989,0.012547417543828487
137,0.0005417557549662888,0.00043266554712317884,0.010909024626016617
138,0.0004674248048104346,0.0003713367914315313,0.009608812630176544
139,0.0006744564161635935,0.0005327952094376087,0.014166129752993584
140,0.0006388832116499543,0.0005109459743835032,0.012793727219104767
141,0.0006117899902164936,0.0004856656596530229,0.012612436898052692
142,0.0005482244887389243,0.0004399091412778944,0.010831544175744057
143,0.0005274388240650296,0.0004169653111603111,0.011047346517443657
144,0.0005784063250757754,0.0004599689273163676,0.011843746528029442
145,0.0006466888589784503,0.0005132717196829617,0.01334171649068594
146,0.0007477248436771333,0.0005926238954998553,0.01551012508571148
147,0.0006039942963980138,0.0004798655863851309,0.01241285540163517
148,0.0004995627677999437,0.00039726452087052166,0.010229823179543018
149,0.00046530866529792547,0.0003687624994199723,0.009654611349105835
150,0.0006297794170677662,0.000497463799547404,0.013231554999947548
151,0.0006133682327345014,0.000488369376398623,0.012499886564910412
152,0.0006021515582688153,0.0004881609638687223,0.011399061419069767
153,0.0006522512412630022,0.0005118046537972987,0.014044651761651039
154,0.0006039989530108869,0.00048075217637233436,0.012324677780270576
155,0.0006785361329093575,0.0005337779875844717,0.014475795440375805
156,0.0007057723123580217,0.0005614620167762041,0.014431016519665718
157,0.0005661668255925179,0.00045283843064680696,0.011332845315337181
158,0.0005617770366370678,0.0004456929746083915,0.011608392000198364
159,0.0006083828047849238,0.00048267110832966864,0.01257116999477148
160,0.0004947742563672364,0.0003935651038773358,0.010120928287506104
161,0.0005802500527352095,0.0004580639651976526,0.012218624353408813
162,0.000541163026355207,0.00042445576400496066,0.011670755222439766
163,0.0005509920883923769,0.00043886687490157783,0.011212524026632309
164,0.0005665711942128837,0.0004602046392392367,0.010636664927005768
165,0.0006636541802436113,0.0005227587535046041,0.014089561998844147
166,0.0005655671120621264,0.00044895021710544825,0.011661705560982227
167,0.0006028679781593382,0.000474482134450227,0.01283858809620142
168,0.0004997968208044767,0.0003897938004229218,0.011000294238328934
169,0.0005582289886660874,0.00044494413305073977,0.011328506283462048
170,0.0005772652802988887,0.000454693625215441,0.012257153168320656
171,0.0005136465188115835,0.0004068014386575669,0.010684508830308914
172,0.000580748135689646,0.0004649158800020814,0.011583223007619381
173,0.0005671046674251556,0.0004550462181214243,0.011205843649804592
174,0.0006119189783930779,0.00048259581672027707,0.01293232198804617
175,0.00057630380615592,0.00045741337817162275,0.011889057233929634
176,0.0006563907372765243,0.0005186031921766698,0.013778758235275745
177,0.0005760028143413365,0.0004597821971401572,0.011622050777077675
178,0.00047904852544888854,0.00038632407085970044,0.009272448718547821
179,0.0004582610272336751,0.00036424148129299283,0.009401955641806126
180,0.000641782593447715,0.0005089235492050648,0.013285895809531212
181,0.0005850087618455291,0.0004595672944560647,0.012544150464236736
182,0.0006471797241829336,0.0005169801297597587,0.01301993802189827
183,0.0005642574978992343,0.000441485462943092,0.012277229689061642
184,0.0005935955559834838,0.00045612186659127474,0.013747361488640308
185,0.0005273786373436451,0.0004247756733093411,0.010260297916829586
186,0.000653750030323863,0.0005189176299609244,0.013483226299285889
187,0.0006718906806781888,0.0005353053566068411,0.013658540323376656
188,0.0005920995608903468,0.00045798311475664377,0.01341162994503975
189,0.0005079408874735236,0.00040024888585321605,0.010769187472760677
190,0.0006326349102891982,0.0005076267989352345,0.012500818818807602
191,0.0006011095829308033,0.00047142960829660296,0.012967989780008793
192,0.0005015210481360555,0.0004043377994094044,0.009718349203467369
193,0.0006754488567821681,0.0005340175121091306,0.014143148437142372
194,0.0005533099174499512,0.0004423444624990225,0.011096552945673466
195,0.0006258825887925923,0.0004977335338480771,0.012814918532967567
196,0.0006212980370037258,0.0004927608533762395,0.012853712774813175
197,0.000602615240495652,0.0004766371857840568,0.012597816064953804
198,0.000580633757635951,0.00045869676978327334,0.012193691916763783
199,0.0005903330165892839,0.00046460036537609994,0.012573263607919216
200,0.0005819548387080431,0.00045902759302407503,0.012292716652154922
201,0.000594696553889662,0.0004737219715025276,0.01209745742380619
202,0.0004966894048266113,0.00039696466410532594,0.009972459636628628
203,0.0005441086832433939,0.00042754513560794294,0.011656352318823338
204,0.0005715087172575295,0.0004493538581300527,0.012215472757816315
205,0.0005331745487637818,0.0004225009761285037,0.011067348532378674
206,0.0005877508665435016,0.0004677901742979884,0.01199604757130146
207,0.0005646731588058174,0.00044273861567489803,0.012193460017442703
208,0.0005311854765750468,0.00041534844785928726,0.011583706364035606
209,0.0005037468508817255,0.00040044670458883047,0.010330015793442726
210,0.0005303961224853992,0.0004158363735768944,0.0114559605717659
211,0.0007179210078902543,0.0005669014644809067,0.015101947821676731
212,0.0006172938738018274,0.000494764419272542,0.012252945452928543
213,0.0006219001952558756,0.0004881541826762259,0.013374601490795612
214,0.0005777012556791306,0.00045594372204504907,0.012175755575299263
215,0.0005961046554148197,0.0004631862393580377,0.013291844166815281
216,0.000567538314498961,0.00044340844033285975,0.012412997893989086
217,0.0005701591726392508,0.0004574373015202582,0.011272192001342773
218,0.0004971276503056288,0.00038828395190648735,0.010884370654821396
219,0.0007080073701217771,0.0005592958768829703,0.014871153980493546
220,0.0006072710384614766,0.0004745964251924306,0.013267462141811848
221,0.0005659822490997612,0.0004387343069538474,0.012724786065518856
222,0.0006206438411027193,0.0004862697678618133,0.01343739777803421
223,0.000545268296264112,0.00042732086149044335,0.01179475151002407
224,0.0005706392112188041,0.0004512568993959576,0.011938239447772503
225,0.0006026446935720742,0.0004803698102477938,0.01222750823944807
226,0.0005155292456038296,0.0004061957588419318,0.010933352634310722
227,0.0006079634767957032,0.000474873639177531,0.013308992609381676
228,0.00048797595081850886,0.0003835626703221351,0.010441330261528492
229,0.0005461349501274526,0.00043172846199013293,0.01144065149128437
230,0.0004805402713827789,0.00037590786814689636,0.010463224723935127
231,0.0005639339215122163,0.0004475040768738836,0.01164297852665186
232,0.0005467548035085201,0.00042800288065336645,0.01187518797814846
233,0.0006077773286961019,0.0004781153693329543,0.012966199778020382
234,0.000489826372358948,0.00037753809010609984,0.011228818446397781
235,0.000603808555752039,0.0004753765824716538,0.012843194417655468
236,0.000557024497538805,0.00043968536192551255,0.011733914725482464
237,0.0005824838299304247,0.00046072609256953,0.012175769545137882
238,0.0005209792288951576,0.0004083499370608479,0.011262927204370499
239,0.0005061747506260872,0.0003978413005825132,0.010833345353603363
240,0.0005623939796350896,0.000445014942670241,0.01173792127519846
241,0.0006400670390576124,0.0005024363636039197,0.013763075694441795
242,0.0006215808098204434,0.0004889044794254005,0.013267626985907555
243,0.0005950391059741378,0.00047098417417146266,0.012405496090650558
244,0.000603487656917423,0.000467878911877051,0.013560890220105648
245,0.0005869288579560816,0.0004548743600025773,0.013205456547439098
246,0.0005126583855599165,0.00039985188050195575,0.011280661448836327
247,0.0006172924186103046,0.0004808906523976475,0.013640160672366619
248,0.0005592749803327024,0.00043957942398265004,0.011969541199505329
249,0.0004978342913091183,0.000397612078813836,0.01002222765237093
250,0.0005529224290512502,0.0004390249087009579,0.011389762163162231
251,0.0005616609123535454,0.0004426045634318143,0.011905635707080364
252,0.0005906622391194105,0.0004654922231566161,0.012516975402832031
253,0.0005340431234799325,0.0004249699122738093,0.0109073081985116
254,0.0004718646523542702,0.0003685388364829123,0.010332581587135792
255,0.0005916685331612825,0.000472879532026127,0.011878898367285728
256,0.0006514463457278907,0.0005129037308506668,0.013854256831109524
257,0.0005840674275532365,0.00045993403182365,0.012413344345986843
258,0.0005131668876856565,0.00039527873741462827,0.01178882084786892
259,0.0006113545969128609,0.0004776058776769787,0.013374874368309975
260,0.0005252253031358123,0.00040308988536708057,0.01221352070569992
261,0.0005398056819103658,0.00042606747592799366,0.01137381512671709
262,0.0007164249545894563,0.0005670699756592512,0.014935513958334923
263,0.0005178317078389227,0.00040619951323606074,0.011163226328790188
264,0.0005491453921422362,0.00042614119593054056,0.012300396338105202
265,0.0005919727846048772,0.00046208902494981885,0.012988383881747723
266,0.0006312071345746517,0.0004939298960380256,0.013727705925703049
267,0.0005686869844794273,0.00044113543117418885,0.012755142524838448
268,0.0005557742551900446,0.0004366897337604314,0.011908458545804024
269,0.000594244513195008,0.0004640899132937193,0.013015453703701496
270,0.0005813538446091115,0.00045716267777606845,0.012419118545949459
271,0.0005123940645717084,0.00040165838436223567,0.01107355859130621
272,0.0006419587880373001,0.0005033836932852864,0.013857501558959484
273,0.0006329496391117573,0.0004950634902343154,0.013788593001663685
274,0.000557520252186805,0.00044331990648061037,0.01142004132270813
275,0.0005444295820780098,0.000422026205342263,0.012240326032042503
276,0.000578553881496191,0.0004491102590691298,0.01294437050819397
277,0.0006186492391861975,0.0004800370370503515,0.013861210085451603
278,0.000583290820941329,0.00045536228572018445,0.012792854569852352
279,0.0005447416915558279,0.00042451973422430456,0.012022175826132298
280,0.0005133002996444702,0.00040229293517768383,0.011100738309323788
281,0.0005887027946300805,0.0004620376566890627,0.012666497379541397
282,0.0005534708616323769,0.0004397263110149652,0.01137444656342268
283,0.0007048589177429676,0.0005481423577293754,0.015671638771891594
284,0.0006061275489628315,0.0004786157514899969,0.012751180678606033
285,0.0006001316360197961,0.0004648224567063153,0.01353090163320303
286,0.000583683664444834,0.00046021825983189046,0.012346531264483929
287,0.0006265898700803518,0.0004895757301710546,0.013701412826776505
288,0.0005034345085732639,0.00039714251761324704,0.010629215277731419
289,0.0005668304511345923,0.00043738901149481535,0.012944139540195465
290,0.00047956424532458186,0.00036800262751057744,0.011156168766319752
291,0.0007146315765567124,0.0005620254087261856,0.015260612592101097
292,0.0006349089089781046,0.0004986205603927374,0.013628846034407616
293,0.0006139932665973902,0.0004823339404538274,0.013165921904146671
294,0.0005695359432138503,0.00044399191392585635,0.012554407119750977
295,0.0005732165300287306,0.00046326202573254704,0.010995444841682911
296,0.0005417356733232737,0.000426571408752352,0.011516439728438854
297,0.0005594742833636701,0.00044238229747861624,0.011709210462868214
298,0.0006311479373835027,0.0004960789228789508,0.013506896793842316
299,0.0005969603080302477,0.00047186881420202553,0.012509134598076344
300,0.0006246854900382459,0.0004843727219849825,0.014031275175511837
301,0.0006937514408491552,0.0005420101806521416,0.015174116007983685
302,0.0004590157768689096,0.00035543643753044307,0.01035792101174593
303,0.0005911895423196256,0.00046778045361861587,0.012340911664068699
304,0.00047497113700956106,0.00037322635762393475,0.010174479335546494
305,0.0006091375835239887,0.0004748407518491149,0.013429713435471058
306,0.0005196424899622798,0.00041126555879600346,0.0108376769348979
307,0.0006836945540271699,0.0005335532478056848,0.015014149248600006
308,0.000570038566365838,0.00044899460044689476,0.012104400433599949
309,0.0005305093363858759,0.0004153907939326018,0.01151184644550085
310,0.0005417367210611701,0.0004208816681057215,0.012085509486496449
311,0.0005125521565787494,0.00040099734906107187,0.011155478656291962
312,0.0006234952597878873,0.00048053814680315554,0.014295721426606178
313,0.0005509811453521252,0.00043272055336274207,0.01182607188820839
314,0.0005913804052397609,0.00046569565893150866,0.012568479403853416
315,0.0005108294426463544,0.0004016805032733828,0.010914879851043224
316,0.0006396965472958982,0.0005091725033707917,0.01305240485817194
317,0.0005100641283206642,0.00039788265712559223,0.011218154802918434
318,0.0005206193891353905,0.000405357510317117,0.011526178568601608
319,0.0005674724816344678,0.0004385481006465852,0.012892450205981731
320,0.0004945099935866892,0.0003888854989781976,0.010562432929873466
321,0.0006568622775375843,0.0005208084476180375,0.013605376705527306
322,0.0005202852771617472,0.00040866449126042426,0.011162088252604008
323,0.0006413379451259971,0.0005075590452179313,0.013377878814935684
324,0.000548672687727958,0.0004264282470103353,0.012224453501403332
325,0.0005737175233662128,0.000451002677436918,0.01227148249745369
326,0.0004757728020194918,0.00036738431663252413,0.01083884947001934
327,0.0006528772646561265,0.0005058326059952378,0.014704468660056591
328,0.0005371271399781108,0.0004163813719060272,0.012074563652276993
329,0.000633624498732388,0.0004946659319102764,0.013895848765969276
330,0.000578547187615186,0.0004480249772313982,0.01305224560201168
331,0.00057644845219329,0.0004462199576664716,0.013022861443459988
332,0.0005696826847270131,0.0004432671412359923,0.01264155749231577
333,0.0005531605565920472,0.0004313628014642745,0.012179787270724773
334,0.0005199078586883843,0.00039733893936499953,0.012256909161806107
335,0.0005863192491233349,0.00046624598326161504,0.012007311917841434
336,0.0006395939271897078,0.0005009098094888031,0.013868412934243679
337,0.0006318768719211221,0.0004961774684488773,0.013569945469498634
338,0.0005469981115311384,0.00042865026625804603,0.011834773235023022
339,0.0005107717006467283,0.00040266767609864473,0.01081040408462286
340,0.0005014289636164904,0.00038718010182492435,0.011424881406128407
341,0.0005567788612097502,0.00044025477836839855,0.011652402579784393
342,0.0005896009970456362,0.00046045382623560727,0.012914728373289108
343,0.000484983145724982,0.00038572330959141254,0.009925983846187592
344,0.000517913606017828,0.00039972926606424153,0.011818443424999714
345,0.0005992010119371116,0.0004629245668184012,0.013627647422254086
346,0.0005383232492022216,0.0004234487423673272,0.011487461626529694
347,0.0006140119512565434,0.0004828193923458457,0.013119268231093884
348,0.0006246229750104249,0.0004976791678927839,0.012694376520812511
349,0.0006337998202070594,0.000494332576636225,0.01394674088805914
350,0.0005807140260003507,0.0004530654987320304,0.012764857150614262
351,0.0006083190673962235,0.00048128911294043064,0.0127030024304986
352,0.0005132906371727586,0.00040121545316651464,0.0112075200304389
353,0.0005848158616572618,0.00045706427772529423,0.012775156646966934
354,0.0006604539812542498,0.0005150972865521908,0.014535646885633469
355,0.0005383409443311393,0.0004229302576277405,0.011541102081537247
356,0.0005453556659631431,0.0004158321535214782,0.012952350080013275
357,0.0005709810648113489,0.0004491276922635734,0.012185348197817802
358,0.0005741883651353419,0.00044465198880061507,0.012953638099133968
359,0.0004663972940761596,0.00036469983751885593,0.010169745422899723
360,0.0005685869255103171,0.00044007503311149776,0.012851196341216564
361,0.0006747628794983029,0.000520507397595793,0.01542553398758173
362,0.0005347732803784311,0.0004095172043889761,0.012525621801614761
363,0.0005672476254403591,0.0004456914612092078,0.012155621312558651
364,0.0005877863732166588,0.00045793154276907444,0.01298548374325037
365,0.0006017495761625469,0.0004672585055232048,0.013449102640151978
366,0.0005242903716862202,0.0004110654117539525,0.011322511360049248
367,0.0006547964876517653,0.0005103040602989495,0.014449233189225197
368,0.0006388566689565778,0.0004965493571944535,0.014230742119252682
369,0.0005911008920520544,0.00046528407256118953,0.012581683695316315
370,0.0007273429655469954,0.0005701786722056568,0.015716414898633957
371,0.0005628140061162412,0.0004381843318697065,0.012462962418794632
372,0.0005601337761618197,0.0004372395924292505,0.012289402075111866
373,0.0005627726786769927,0.00043672305764630437,0.01260497234761715
374,0.0006165020167827606,0.00048193015391007066,0.013457211665809155
375,0.0005276428419165313,0.00041526806307956576,0.011237477883696556
376,0.0006140877376310527,0.00047784196794964373,0.01362454891204834
377,0.0005077207460999489,0.00039891607593744993,0.010880478657782078
378,0.0005158795393072069,0.0004026521637570113,0.011322744190692902
379,0.0005028134328313172,0.0003998346219304949,0.010297885164618492
380,0.0005693498533219099,0.00043942604679614305,0.012992363423109055
381,0.0005183257744647563,0.0004041446663904935,0.011418095789849758
382,0.0004974598996341228,0.0003866609185934067,0.011079927906394005
383,0.0004919303464703262,0.00039017657400108874,0.010175363160669804
384,0.0005953595973551273,0.00046694872435182333,0.012841079384088516
385,0.0005217572906985879,0.00040882668690755963,0.011293064802885056
386,0.0005331540596671402,0.00041888709529303014,0.011426717042922974
387,0.0005877961521036923,0.0004589712480083108,0.01288248784840107
388,0.0005290828412398696,0.0004083214735146612,0.012076151557266712
389,0.00047962216194719076,0.0003731786855496466,0.010644346475601196
390,0.0005739975022152066,0.0004422303172759712,0.013176710344851017
391,0.0005571089568547904,0.00043575261952355504,0.01213563047349453
392,0.0005135360988788307,0.0003967967350035906,0.011673951521515846
393,0.0006051096133887768,0.00046646379632875323,0.013864580541849136
394,0.0005516835954040289,0.00042608455987647176,0.012559923343360424
395,0.0004937441553920507,0.0003850441426038742,0.010869983583688736
396,0.0005963061121292412,0.0004651934141293168,0.013111284002661705
397,0.0005938460817560554,0.00045451673213392496,0.013932929374277592
398,0.0005607394268736243,0.00043317899690009654,0.012756061740219593
399,0.0004927412956021726,0.00038869050331413746,0.010405071079730988
400,0.0005542371072806418,0.0004307580238673836,0.012347890995442867
401,0.0005214063567109406,0.0004094035248272121,0.01120027806609869
402,0.0005275082075968385,0.0004121883830521256,0.01153198815882206
403,0.000575164332985878,0.0004463329678401351,0.012883149087429047
404,0.0005700768670067191,0.00044186043669469655,0.012821631506085396
405,0.0005058532115072012,0.0003990860714111477,0.010676728561520576
406,0.0005051287589594722,0.0003970951947849244,0.01080336607992649
407,0.00043958635069429874,0.0003398106200620532,0.009977578185498714
408,0.0007053671288304031,0.0005486957961693406,0.01566712185740471
409,0.00048453148338012397,0.00037655734922736883,0.010797425173223019
410,0.0005490747280418873,0.00042587146162986755,0.012320331297814846
411,0.0005514345830306411,0.00042669763206504285,0.012473706156015396
412,0.0006735803326591849,0.00052762555424124,0.014595464803278446
413,0.0006027928902767599,0.0004633081261999905,0.013948469422757626
414,0.00063036271603778,0.0004786454082932323,0.015171719714999199
415,0.000523366208653897,0.0004104017571080476,0.011296441778540611
416,0.0006067216163501143,0.0004715658724308014,0.013515564613044262
417,0.0005235748249106109,0.0004106838023290038,0.011289110407233238
418,0.0004962313105352223,0.00038255297113209963,0.011367843486368656
419,0.0004918911145068705,0.00038174030487425625,0.011015081778168678
420,0.0005765570094808936,0.00044631128548644483,0.013024565763771534
421,0.0005554175586439669,0.000438081769971177,0.011733558028936386
422,0.0006056083366274834,0.0004712123773060739,0.013439609669148922
423,0.0005244704079814255,0.0004110201552975923,0.011345037259161472
424,0.0006269850418902934,0.00048572791274636984,0.014125728979706764
425,0.0005238509038463235,0.0004040617204736918,0.01197890006005764
426,0.00048533451627008617,0.00037306037847884,0.011227408424019814
427,0.0005486236768774688,0.00042960181599482894,0.011902195401489735
428,0.0005923791322857141,0.0004623512795660645,0.013002786785364151
429,0.0005615411791950464,0.0004413066490087658,0.012023437768220901
430,0.0005154894897714257,0.0004042845102958381,0.011120498180389404
431,0.0005617579445242882,0.00044558715308085084,0.011617094278335571
432,0.0005185254849493504,0.0003972738340962678,0.012125163339078426
433,0.0005820363876409829,0.0004495578759815544,0.013247865252196789
434,0.0005556757678277791,0.0004316365229897201,0.012403929606080055
435,0.00049455591943115,0.00037771466304548085,0.011684127151966095
436,0.0006761362892575562,0.0005264352657832205,0.01497010700404644
437,0.0005240481696091592,0.0003995709994342178,0.012447715736925602
438,0.000570767791941762,0.0004468892002478242,0.012387851253151894
439,0.00048745013191364706,0.00037158787017688155,0.011586252599954605
440,0.0005749020492658019,0.00044886823161505163,0.012603390961885452
441,0.0005236791912466288,0.00040090770926326513,0.012277161702513695
442,0.0005593967507593334,0.0004337088030297309,0.01256880909204483
443,0.0006383704603649676,0.0004987162537872791,0.013965441845357418
444,0.0005672902334481478,0.00044305052142590284,0.012423979118466377
445,0.0005196682177484035,0.00040582765359431505,0.011384077370166779
446,0.0005766311660408974,0.00045556909753941,0.012106209993362427
447,0.0005931996274739504,0.00045982992742210627,0.013336974196135998
448,0.000496477005071938,0.00039482477586716413,0.01016522292047739
449,0.00046552318963222206,0.0003580934426281601,0.010742973536252975
450,0.0005175708793103695,0.00039976369589567184,0.011780709959566593
451,0.0005817518103867769,0.00045137276174500585,0.013037902303040028
452,0.0005758493207395077,0.00044595872168429196,0.01298906933516264
453,0.0005795389879494905,0.00045474350918084383,0.012479552067816257
454,0.0005771545111201704,0.0004446506209205836,0.013250397518277168
455,0.0006334311328828335,0.0004881015920545906,0.014532972127199173
456,0.0004951560404151678,0.00038992331246845424,0.010523258708417416
457,0.0005431558820419014,0.00041577924275770783,0.01273766253143549
458,0.000579528568778187,0.00045697655878029764,0.012255190871655941
459,0.0006272740429267287,0.0004909448907710612,0.013632911257445812
460,0.0005291115958243608,0.0004042094515170902,0.012490197084844112
461,0.0006346757872961462,0.000493336992803961,0.014133869670331478
462,0.000613585754763335,0.00048009492456912994,0.013349099084734917
463,0.0004943286767229438,0.0003818226105067879,0.011250612325966358
464,0.0005711538251489401,0.00043650713632814586,0.013464655727148056
465,0.0005656629800796509,0.0004401254409458488,0.012553762644529343
466,0.000598193088080734,0.0004633039643522352,0.013488906435668468
467,0.000595109595451504,0.0004515990149229765,0.014351051300764084
468,0.0005807024426758289,0.0004513090243563056,0.01293933391571045
469,0.0006058794097043574,0.0004717776319012046,0.013410169631242752
470,0.0005523298750631511,0.0004328704671934247,0.011945944279432297
471,0.0005271414411254227,0.00039939902490004897,0.012774256058037281
472,0.000524321396369487,0.00040072298725135624,0.012359831482172012
473,0.0005119590205140412,0.00039874837966635823,0.01132106315344572
474,0.0005496974918060005,0.0004232238861732185,0.012647349387407303
475,0.0005224644555710256,0.00040507226367481053,0.011739219538867474
476,0.000585476984269917,0.0004531919548753649,0.01322851050645113
477,0.0005633637774735689,0.00043445811024867,0.01289057731628418
478,0.00057342549553141,0.00043970541446469724,0.013372004963457584
479,0.000654881470836699,0.0005152362864464521,0.0139645179733634
480,0.0005453682970255613,0.0004246868484187871,0.01206813845783472
481,0.000593168952036649,0.00045795869664289057,0.013521010987460613
482,0.0005726352101191878,0.00044262464507482946,0.013001048937439919
483,0.000530869176145643,0.0004093753232154995,0.012149384245276451
484,0.000522481685038656,0.00041495179175399244,0.010752996429800987
485,0.00054133654339239,0.0004127644351683557,0.012857208028435707
486,0.0004981397651135921,0.0003844441962428391,0.011369563639163971
487,0.0005542038124985993,0.00043213009485043585,0.01220736000686884
488,0.0005704299546778202,0.00044421342317946255,0.012621673755347729
489,0.0005668738158419728,0.00044238357804715633,0.012449022382497787
490,0.0006174054578877985,0.000485533062601462,0.013187251053750515
491,0.0005992753431200981,0.0004655930679291487,0.013368243351578712
492,0.0005478722741827369,0.00042403966654092073,0.012383257038891315
493,0.0005465774447657168,0.00042164381011389196,0.012493346817791462
494,0.0005239046295173466,0.0004143447440583259,0.010955988429486752
495,0.0005525888409465551,0.0004318364372011274,0.012075250037014484
496,0.0005669930833391845,0.00043594822636805475,0.013104471378028393
497,0.0006056912243366241,0.0004737136187031865,0.013197747059166431
498,0.0006957318400964141,0.000547866162378341,0.01478656567633152
499,0.0005316785536706448,0.0004140439268667251,0.011763447895646095
500,0.0005791957955807447,0.000443727127276361,0.013546895235776901
501,0.000486643984913826,0.00037326515302993357,0.011337893083691597
502,0.0005334573797881603,0.00040853337850421667,0.012492381036281586
503,0.00044314711703918874,0.000339475111104548,0.010367205366492271
504,0.0005738280597142875,0.00044867824180983007,0.012514983303844929
505,0.0004888351541012526,0.0003807171306107193,0.010811801068484783
506,0.00048205300117842853,0.0003766633162740618,0.010538959875702858
507,0.0006038615829311311,0.0004590652242768556,0.014479653909802437
508,0.0006118862074799836,0.00047482404625043273,0.013706211932003498
509,0.0005698115564882755,0.000444920762674883,0.012489075772464275
510,0.0006226767436601222,0.00047918877680785954,0.014348804950714111
511,0.0005426689167506993,0.0004151506582275033,0.012751835398375988
512,0.0006300524109974504,0.0004919212078675628,0.013813133351504803
513,0.0006431250367313623,0.0005005577695555985,0.014256715774536133
514,0.0004954591859132051,0.00037647978751920164,0.011897939257323742
515,0.0005149113712832332,0.00039870713953860104,0.011620411649346352
516,0.0005690776742994785,0.0004423409700393677,0.012673662975430489
517,0.0005791856092400849,0.0004567736468743533,0.012241194024682045
518,0.000599099847022444,0.0004580375680234283,0.014106244780123234
519,0.0005869096494279802,0.00046252060565166175,0.012438892386853695
520,0.000519552209880203,0.0003938571608159691,0.012569509446620941
521,0.0006249332800507545,0.0004887492978014052,0.013618383556604385
522,0.0005826848209835589,0.00044537766370922327,0.013730709441006184
523,0.0006452304660342634,0.0005021055694669485,0.014312511309981346
524,0.0005452847690321505,0.000423310324549675,0.012197446078062057
525,0.0005006237770430744,0.00039467791793867946,0.01059457566589117
526,0.0005778808263130486,0.0004451929416973144,0.013268793933093548
527,0.0005244006169959903,0.0004002462956123054,0.012415443547070026
528,0.00054498843383044,0.0004221767303533852,0.012281187810003757
529,0.0004741605371236801,0.0003678072534967214,0.01063531544059515
530,0.0005816156626679003,0.00044863528455607593,0.01329802256077528
531,0.0006313653429970145,0.0004954874748364091,0.013587767258286476
532,0.0004948742571286857,0.00038769267848692834,0.010718172416090965
533,0.000552126788534224,0.0004255239327903837,0.012660281732678413
534,0.0006117364973761141,0.0004775755514856428,0.013416103087365627
535,0.0005441391258500516,0.00041279743891209364,0.013134172186255455
536,0.0006058673025108874,0.00047417619498446584,0.013169106096029282
537,0.0004900256171822548,0.0003775485965888947,0.011247707530856133
538,0.0005666116485372186,0.00044006912503391504,0.012654248625040054
539,0.0005313001456670463,0.00041709403740242124,0.011420640163123608
540,0.000585820758715272,0.00045073271030560136,0.013508797623217106
541,0.0005546509055420756,0.00042588665382936597,0.012876426801085472
542,0.0005806710105389357,0.0004435543669387698,0.013711647130548954
543,0.000513880921062082,0.00040181123767979443,0.01120697520673275
544,0.0005564079619944096,0.0004347334033809602,0.012167450971901417
545,0.0005850213929079473,0.00045716093154624104,0.012786036357283592
546,0.0005700321053154767,0.0004426254308782518,0.012740657664835453
547,0.0005283369682729244,0.000411867251386866,0.01164697390049696
548,0.00045742373913526535,0.00035017120535485446,0.010725255124270916
549,0.0005363721284084022,0.00041746694478206336,0.011890522204339504
550,0.0005159040447324514,0.00040938807069323957,0.010651595890522003
551,0.000576008518692106,0.0004448861873243004,0.013112224638462067
552,0.0006085379864089191,0.0004687776090577245,0.013976032845675945
553,0.0005666924407705665,0.0004350945237092674,0.013159800320863724
554,0.0005384053802117705,0.00041710230289027095,0.012130319140851498
555,0.0005331120919436216,0.0004130396991968155,0.012007243931293488
556,0.0005254783318378031,0.00040652320603840053,0.011895528063178062
557,0.0005017866496928036,0.00038892653537914157,0.011286014690995216
558,0.0006309013115242124,0.00047941613593138754,0.015148507431149483
559,0.0005869040032848716,0.00045715339365415275,0.012975059449672699
560,0.0005269751418381929,0.0004124693514313549,0.011450591497123241
561,0.0006691714515909553,0.0005208153161220253,0.014835603535175323
562,0.0005139517015777528,0.0003998625907115638,0.0114089110866189
563,0.0006296504870988429,0.0004853229329455644,0.01443275436758995
564,0.0004740049771498889,0.00036578101571649313,0.010822409763932228
565,0.0005121597787365317,0.00039961852598935366,0.011254118755459785
566,0.00047959733637981117,0.00037456024438142776,0.010503713972866535
567,0.000747734506148845,0.0005880424287170172,0.01596921682357788
568,0.000497641391120851,0.0003860878059640527,0.011155352927744389
569,0.0005898280651308596,0.0004592436889652163,0.013058442622423172
570,0.0007026148377917707,0.0005454393103718758,0.015717554837465286
571,0.000554148864466697,0.0004289336793590337,0.012521516531705856
572,0.0006084852502681315,0.0004698772099800408,0.013860801234841347
573,0.000678482698276639,0.0005095747765153646,0.016890820115804672
574,0.0004952109884470701,0.0003763582499232143,0.011885268613696098
575,0.0004318553546909243,0.0003333388303872198,0.00985165685415268
576,0.0005477253580465913,0.00042104735621251166,0.012667790986597538
577,0.0005780798965133727,0.00045222853077575564,0.01258513331413269
578,0.0005602320889011025,0.0004392397531773895,0.012099239975214005
579,0.0005349476123228669,0.00041880671051330864,0.011614089831709862
580,0.0004892803844995797,0.00037594634341076016,0.011333401314914227
581,0.0006569618126377463,0.0005163219757378101,0.01406397856771946
582,0.0005412762984633446,0.0004154422495048493,0.012583390809595585
583,0.0005434541963040829,0.0004257176478859037,0.01177365705370903
584,0.0005461318651214242,0.0004190480103716254,0.012708392925560474
585,0.0006151032284833491,0.0004761888412758708,0.013891464099287987
586,0.0005835564224980772,0.0004503965610638261,0.01331598125398159
587,0.0005081764538772404,0.00039166517672128975,0.011651133187115192
588,0.0005286090890876949,0.0004159193194936961,0.011268970556557178
589,0.0006035284022800624,0.0004774397239089012,0.012608851306140423
590,0.000592161319218576,0.00045818573562428355,0.013397562317550182
591,0.0006384334992617369,0.0004890428972430527,0.01493905857205391
592,0.000562043976970017,0.00043993309373036027,0.012211092747747898
593,0.000523013761267066,0.00040455724229104817,0.011845653876662254
594,0.0006126812659204006,0.00048512074863538146,0.012756042182445526
595,0.0005726490635424852,0.0004430923145264387,0.012955679558217525
596,0.0005146581097505987,0.0003904301265720278,0.01242281123995781
597,0.0006260136724449694,0.00048208379303105175,0.014392990618944168
598,0.000593928387388587,0.0004604081914294511,0.013352015055716038
599,0.0005629390361718833,0.0004306784539949149,0.013226046226918697
600,0.00048090246855281293,0.0003706541028805077,0.011024857871234417
601,0.0005394929903559387,0.0004227020253892988,0.011679097078740597
602,0.0005104776937514544,0.00039608762017451227,0.011439021676778793
603,0.0004762649768963456,0.00037338343099690974,0.010288156569004059
604,0.0005348111153580248,0.0004184489662293345,0.01163620688021183
605,0.0005579032003879547,0.00043519583414308727,0.012270740233361721
606,0.0005687309894710779,0.00044079500366933644,0.012793582864105701
607,0.0005965735181234777,0.0004664276202674955,0.013014592230319977
608,0.0005624872865155339,0.0004335716657806188,0.012891542166471481
609,0.0005623939796350896,0.00043869417277164757,0.01236998476088047
610,0.0005883427802473307,0.00045076594687998295,0.013757670298218727
611,0.0005351235158741474,0.0004089214198756963,0.01262019481509924
612,0.0006283206748776138,0.0004927481641061604,0.013557239435613155
613,0.0005072914646007121,0.00039356446359306574,0.011372718028724194
614,0.0005572987720370293,0.0004271775542292744,0.013012119568884373
615,0.0005892866756767035,0.0004624168504960835,0.012686977162957191
616,0.00045310452696867287,0.00034441103343851864,0.010869333520531654
617,0.0005247108638286591,0.00040268595330417156,0.01220247708261013
618,0.0005983456503599882,0.00046099850442260504,0.013734722509980202
619,0.0006251228624023497,0.0004934539902023971,0.013166883029043674
620,0.000549989752471447,0.00043013974209316075,0.011985001154243946
621,0.000456885521998629,0.0003573690773919225,0.009951656684279442
622,0.000524717615917325,0.0004095551266800612,0.011516261845827103
623,0.0004722997546195984,0.0003662270028144121,0.01060726959258318
624,0.0005610554944723845,0.00042921467684209347,0.013184095732867718
625,0.0004741865850519389,0.0003649068239610642,0.010927964001893997
626,0.0005808185669593513,0.0004545362899079919,0.012628215365111828
627,0.0006493754917755723,0.0005006169085390866,0.014875867404043674
628,0.0005495580262504518,0.0004255095263943076,0.012404834851622581
629,0.0005002720863558352,0.00038339715683832765,0.011687496677041054
630,0.0005050312611274421,0.0003847447514999658,0.012028640136122704
631,0.0006161381024867296,0.0004792156396433711,0.013692246749997139
632,0.0004995157360099256,0.0003825472667813301,0.011696837842464447
633,0.0006192572182044387,0.0004815506108570844,0.013770652003586292
634,0.0005294419243000448,0.0004106970445718616,0.011874483898282051
635,0.0004336785932537168,0.0003357019159011543,0.009797658771276474
636,0.0005009000306017697,0.0003822999424301088,0.011860024183988571
637,0.00047204605652950704,0.0003602810320444405,0.011176508851349354
638,0.0005446459399536252,0.0004188902676105499,0.012575576081871986
639,0.0006120839389041066,0.0004705586179625243,0.01415250450372696
640,0.0005858694785274565,0.00045041684643365443,0.013545254245400429
641,0.0005494343349710107,0.0004253831575624645,0.012405123561620712
642,0.0006521512405015528,0.0005018904921598732,0.015026074834167957
643,0.0005073082284070551,0.0003915604902431369,0.011574777774512768
644,0.0006036275299265981,0.00046279130037873983,0.014083610847592354
645,0.0005674329004250467,0.0004325349582359195,0.0134898005053401
646,0.0004913038574159145,0.0003770388721022755,0.011426502838730812
647,0.0005367302801460028,0.00041658536065369844,0.012014491483569145
648,0.0004574991762638092,0.0003558635653462261,0.010163570754230022
649,0.0005227088695392013,0.00040557945612818,0.01171292643994093
650,0.0005158322164788842,0.00039993756217882037,0.011589447036385536
651,0.000624595966655761,0.0004887146060355008,0.013588142581284046
652,0.0004688189073931426,0.0003645097021944821,0.010430916212499142
653,0.0005405934061855078,0.00041802343912422657,0.012256993912160397
654,0.0005436348728835583,0.0004191566549707204,0.012447812594473362
655,0.0006036068079993129,0.0004676834214478731,0.013592337258160114
656,0.0005359019851312041,0.00041041846270672977,0.012548345141112804
657,0.0005620734882541001,0.00043090234976261854,0.0131171103566885
658,0.000541693763807416,0.0004233352083247155,0.011835857294499874
659,0.0005921622505411506,0.00045946610043756664,0.013269621878862381
660,0.0005292739369906485,0.0004059778293594718,0.012329609133303165
661,0.0005117317195981741,0.0003853807575069368,0.012635087594389915
662,0.0005532556679099798,0.0004294560931157321,0.012379955500364304
663,0.0005060260300524533,0.0003920042945537716,0.011402164585888386
664,0.0006221703952178359,0.0004817961889784783,0.014037429355084896
665,0.0004976102500222623,0.0003876433183904737,0.010996691882610321
666,0.0004960462683811784,0.0003871433436870575,0.010890296660363674
667,0.0006394731462933123,0.000497483357321471,0.01419896725565195
668,0.0005685902433469892,0.00043562331120483577,0.013296692632138729
669,0.0006421225261874497,0.0005042393459007144,0.013788311742246151
670,0.0005137838888913393,0.0003899349248968065,0.012384891510009766
671,0.0004556192143354565,0.00034638409852050245,0.010923486202955246
672,0.0004815399006474763,0.0003604572266340256,0.012108247727155685
673,0.00047954489127732813,0.00036960907164029777,0.010993571020662785
674,0.0005158786079846323,0.0003983572532888502,0.011752134189009666
675,0.0005394945037551224,0.00041764244087971747,0.01218521036207676
676,0.0005890594329684973,0.000456545123597607,0.013251399621367455
677,0.0006152392597869039,0.00047064581303857267,0.014459357596933842
678,0.0005954811349511147,0.00045381541713140905,0.014166558161377907
679,0.0005258010933175683,0.00040607922710478306,0.011972198262810707
680,0.0005118001718074083,0.0003835424722637981,0.012825768440961838
681,0.0006576944724656641,0.0005071598570793867,0.015053468756377697
682,0.0005267814267426729,0.0004076477198395878,0.011913380585610867
683,0.0006577703170478344,0.0005067911115474999,0.01509791985154152
684,0.0006320087122730911,0.000479617970995605,0.015239082276821136
685,0.00045633706031367183,0.0003454245161265135,0.011091249994933605
686,0.0005903628771193326,0.00044943776447325945,0.014092533849179745
687,0.0005154218524694443,0.00039035757072269917,0.012506430968642235
688,0.0006027477793395519,0.00046388685586862266,0.013886090368032455
689,0.0005160450818948448,0.0004028789699077606,0.011316615156829357
690,0.0005399439251050353,0.00041882588993757963,0.012111798860132694
691,0.0005942106363363564,0.00044431176502257586,0.014989901334047318
692,0.0005813731113448739,0.0004428334650583565,0.013853942975401878
693,0.0005760599742643535,0.00044303148752078414,0.013302851468324661
694,0.0006207702099345624,0.000478641246445477,0.014212909154593945
695,0.0006160872289910913,0.0004716485273092985,0.014443863183259964
696,0.0005156345432624221,0.00039097946137189865,0.012465505860745907
697,0.0004846065421588719,0.0003694902698043734,0.011511612683534622
698,0.00047973275650292635,0.00036559635191224515,0.011413656175136566
699,0.0005890349275432527,0.000452088046586141,0.013694677501916885
700,0.0006409253110177815,0.000493154744617641,0.014777065254747868
701,0.0005962869618088007,0.0004602140106726438,0.01360730454325676
702,0.00047231322969309986,0.0003634897293522954,0.010882355272769928
703,0.0005401042872108519,0.0004142884281463921,0.01258157566189766
704,0.0005632364191114902,0.0004246605094522238,0.013857590034604073
705,0.0005443465779535472,0.0004121997335460037,0.013214674778282642
706,0.00048602453898638487,0.0003781925479415804,0.010783204808831215
707,0.0005915857618674636,0.0004594869678840041,0.013209878467023373
708,0.0005706477095372975,0.0004407116794027388,0.012993625365197659
709,0.0005312372231855989,0.00039970286889001727,0.013153433799743652
710,0.0005620266310870647,0.0004377911100164056,0.012423562817275524
711,0.0004984706174582243,0.00038142394623719156,0.011704669333994389
712,0.0006600163178518414,0.0005081723793409765,0.015184381045401096
713,0.0006053513498045504,0.00045839831000193954,0.014695307239890099
714,0.0005621318705379963,0.00043186655966565013,0.013026544824242592
715,0.000597336096689105,0.0004599533567670733,0.013738295063376427
716,0.0005462113185785711,0.0004213759384583682,0.012483528815209866
717,0.00047820995678193867,0.0003683622635435313,0.010984753258526325
718,0.0005708132521249354,0.00043683155672624707,0.01339817140251398
719,0.0006220748764462769,0.00047550894669257104,0.014656594023108482
720,0.0005314887966960669,0.0004041935899294913,0.012729529291391373
721,0.0006917822174727917,0.0005325010279193521,0.015928125008940697
722,0.0006567139644175768,0.0005045818397775292,0.01521323248744011
723,0.0006693152245134115,0.0005147514748387039,0.015456357970833778
724,0.0005638269358314574,0.00042739592026919127,0.013643103651702404
725,0.0006238020723685622,0.0004791966057382524,0.014460542239248753
726,0.0006265569245442748,0.00047928831190802157,0.014726865105330944
727,0.0005772692966274917,0.00044514358160085976,0.013212562538683414
728,0.0005784134846180677,0.0004332520184107125,0.014516160823404789
729,0.0005560179706662893,0.0004290430515538901,0.012697476893663406
730,0.00045337568735703826,0.00034353110822848976,0.010984459891915321
731,0.0005763715016655624,0.00043669462320394814,0.013967670500278473
732,0.0005871838075108826,0.0004571597382891923,0.013002414256334305
733,0.0005545135354623199,0.00042906912858597934,0.012544453144073486
734,0.0005183055181987584,0.0004023454384878278,0.011596007272601128
735,0.0006141924532130361,0.00046578465844504535,0.014840769581496716
736,0.0005720716435462236,0.0004398534365464002,0.013221826404333115
737,0.0005161347216926515,0.0003982947673648596,0.011784005910158157
738,0.0005824613035656512,0.00045346093247644603,0.01290005911141634
739,0.0005381399532780051,0.0004123760445509106,0.012576397508382797
740,0.00060240738093853,0.000465676945168525,0.013673024252057076
741,0.000512428698129952,0.0004012520657852292,0.011117653921246529
742,0.00062276964308694,0.00047637399984523654,0.01463955920189619
743,0.0005697519518435001,0.0004379698366392404,0.013178195804357529
744,0.0005188870127312839,0.0004017153987661004,0.011717140674591064
745,0.00046070400276221335,0.00035562607808969915,0.010507797822356224
746,0.0005739787593483925,0.0004416733863763511,0.013230527751147747
747,0.0006101126782596111,0.0004673729126807302,0.014273987151682377
748,0.0004849458928219974,0.00037407223135232925,0.01108735054731369
749,0.0004997000214643776,0.00037858463474549353,0.012111532501876354
750,0.0005436118808574975,0.0004233413201291114,0.012027052231132984
751,0.0005533357616513968,0.0004167826846241951,0.013655309565365314
752,0.0005704741925001144,0.0004438200849108398,0.012665428221225739
753,0.0005697308806702495,0.00043698534136638045,0.013274566270411015
754,0.0005292404093779624,0.00040664453990757465,0.01225958950817585
755,0.0005643846816383302,0.0004266635805834085,0.01377212442457676
756,0.0005528105539269745,0.00042354606557637453,0.012926456518471241
757,0.0006672550807707012,0.0005088273901492357,0.015842758119106293
758,0.000525080889929086,0.0003997368039563298,0.01253441534936428
759,0.0006080344901420176,0.00047384912613779306,0.013418539427220821
760,0.0005326056270860136,0.00041089870501309633,0.012170680798590183
761,0.0005041731055825949,0.0003853662346955389,0.011880675330758095
762,0.0004974546027369797,0.00039066298631951213,0.010679144412279129
763,0.0005416891654022038,0.00040745578007772565,0.01342333760112524
764,0.0005262652412056923,0.00040013514808379114,0.012613002210855484
765,0.0005338597111403942,0.00040545687079429626,0.012840276584029198
766,0.00041945549310185015,0.0003254506445955485,0.009400486014783382
767,0.0004340278683230281,0.0003341551055200398,0.009987259283661842
768,0.0006174834561534226,0.00047640412230975926,0.014107928611338139
769,0.000549008313100785,0.00042054097866639495,0.012846722267568111
770,0.0004885706584900618,0.00037907916703261435,0.010949121788144112
771,0.0004935479955747724,0.00038231417420320213,0.011123383417725563
772,0.00046166949323378503,0.0003577986790332943,0.010387071408331394
773,0.0004706785548478365,0.0003602195647545159,0.011045889928936958
774,0.000582151289563626,0.0004453961446415633,0.013675502501428127
775,0.0004916061880066991,0.00036897388054057956,0.012263239361345768
776,0.0005634839180856943,0.0004332617681939155,0.013022221624851227
777,0.0004926344845443964,0.0003815213858615607,0.011111300438642502
778,0.0005740767810493708,0.0004376136639621109,0.013646292500197887
779,0.0005214356351643801,0.0004078651254530996,0.011357052251696587
780,0.0004688575863838196,0.000362594350008294,0.010626321658492088
781,0.0005967398174107075,0.00045487575698643923,0.014186414889991283
782,0.0005450342432595789,0.0004206754674669355,0.012435875833034515
783,0.0005300037446431816,0.0004059394705109298,0.012406431138515472
784,0.0005984032759442925,0.00046425563050433993,0.013414748944342136
785,0.0005203323671594262,0.00038948081783019006,0.013085144571959972
786,0.0005483932327479124,0.0004168018640484661,0.013159135356545448
787,0.0005074128275737166,0.0003924110496882349,0.011500180698931217
788,0.0005285401130095124,0.0004006937379017472,0.012784626334905624
789,0.0006412632064893842,0.0004932035226374865,0.01480596512556076
790,0.0004907898837700486,0.0003730769967660308,0.01177128218114376
791,0.00046356715029105544,0.00035416585160419345,0.010940121486783028
792,0.0006810419145040214,0.0005268182721920311,0.015422358177602291
793,0.0005711490521207452,0.0004300752771086991,0.014107389375567436
794,0.0005046177539043128,0.00038158969255164266,0.012302807532250881
795,0.0005081581184640527,0.0003949618258047849,0.011319631710648537
796,0.0005101206479594111,0.0003979903121944517,0.011213022284209728
797,0.0004276772669982165,0.00033026657183654606,0.009741052985191345
798,0.0006344387657009065,0.00048599261208437383,0.014844617806375027
799,0.0005189019138924778,0.0003978094318881631,0.012109247036278248
800,0.0006474890396930277,0.0004979014629498124,0.014958756044507027
801,0.0005903140990994871,0.0004456249298527837,0.014468940906226635
802,0.0004896775935776532,0.0003850006323773414,0.0104677127674222
803,0.0005764769157394767,0.0004398933087941259,0.013658352196216583
804,0.0005281460471451283,0.000410228269174695,0.0117917750030756
805,0.0005811432492919266,0.0004448576655704528,0.013628567568957806
806,0.0005279626348055899,0.00041136969230137765,0.011659308336675167
807,0.000495578336995095,0.0003817324759438634,0.011384580284357071
808,0.0004781442112289369,0.00037246107240207493,0.010568317025899887
809,0.0005525220767594874,0.0004290224169380963,0.012349946424365044
810,0.0005220904713496566,0.00039186899084597826,0.013022143393754959
811,0.0005214477423578501,0.0004025965463370085,0.011885118670761585
812,0.0005260109319351614,0.0004044999950565398,0.012151084840297699
813,0.0004928850685246289,0.0003788471221923828,0.01140378788113594
814,0.0005511115887202322,0.00042097349069081247,0.013013794086873531
815,0.0005740116466768086,0.00044194184010848403,0.01320696622133255
816,0.0005416305502876639,0.0004033503937534988,0.013828004710376263
817,0.0005340055795386434,0.0004152863402850926,0.011871916241943836
818,0.0004414223076310009,0.0003348057216499001,0.010661662556231022
819,0.0005584947648458183,0.0004300466680433601,0.012844809330999851
820,0.0006038503488525748,0.0004652113711927086,0.013863890431821346
821,0.0006557945744134486,0.000505210307892412,0.015058418735861778
822,0.0005689156241714954,0.00043942112824879587,0.012949432246387005
823,0.0005927999154664576,0.0004502609372138977,0.014253896661102772
824,0.00047077718772925436,0.0003571228589862585,0.011365440674126148
825,0.0005001368117518723,0.00037848218926228583,0.012165465392172337
826,0.0005544316372834146,0.0004250495112501085,0.012938219122588634
827,0.0007377855363301933,0.000574698846321553,0.016308657824993134
828,0.000661284604575485,0.0005005534621886909,0.01607312075793743
829,0.0005435592029243708,0.00041541847167536616,0.012814098969101906
830,0.0005589459324255586,0.00042761597433127463,0.013132992200553417
831,0.0004415348230395466,0.00034179893555119634,0.009973586536943913
832,0.0005321461358107626,0.00040627754060551524,0.012586856260895729
833,0.0005839764489792287,0.0004428024112712592,0.014117414131760597
834,0.000540147244464606,0.00040653481846675277,0.01336123701184988
835,0.0006199305644258857,0.0004794357228092849,0.014049505814909935
836,0.0005612604436464608,0.0004337263817433268,0.012753409333527088
837,0.0006282419199123979,0.00047931194421835244,0.01489298790693283
838,0.0005085302400402725,0.00039146654307842255,0.011706353165209293
839,0.0006528107332997024,0.000496935797855258,0.015587476082146168
840,0.0006553519051522017,0.000510816287714988,0.014453542418777943
841,0.0005544332088902593,0.0004196962690912187,0.01347369235008955
842,0.000501283910125494,0.00038654726813547313,0.01147365476936102
843,0.0005763486260548234,0.00043923244811594486,0.013711606152355671
844,0.00045936633250676095,0.00035926871350966394,0.010009749792516232
845,0.0004919909406453371,0.0003773619537241757,0.011462894268333912
846,0.0005245881620794535,0.00040294890641234815,0.012163925915956497
847,0.0005968613550066948,0.0004578061343636364,0.013905526138842106
848,0.0005715032457374036,0.0004393070994410664,0.013219616375863552
849,0.0004863696813117713,0.00037235283525660634,0.011401667259633541
850,0.0006045533809810877,0.0004606229776982218,0.014393031597137451
851,0.0005775922327302396,0.0004449810949154198,0.013261114247143269
852,0.0005758654442615807,0.00044458001502789557,0.013128537684679031
853,0.0004823694471269846,0.00037256418727338314,0.010980515740811825
854,0.0005626486381515861,0.0004289219214115292,0.013372676447033882
855,0.000497701927088201,0.00037342001451179385,0.01242821291089058
856,0.0005111261270940304,0.00039489284972660244,0.011623309925198555
857,0.000692622154019773,0.0005297043826431036,0.016291789710521698
858,0.0005004554404877126,0.00037620338844135404,0.012425214983522892
859,0.0005445338902063668,0.0004172417975496501,0.012729203328490257
860,0.00048542572767473757,0.000370529480278492,0.011489600874483585
861,0.0005656769499182701,0.0004332403768785298,0.013243654742836952
862,0.0006525059579871595,0.0004997189389541745,0.015278700739145279
863,0.0005480735562741756,0.0004207477322779596,0.012732554227113724
864,0.0005930137122049928,0.0004489644488785416,0.014404918998479843
865,0.0005572594818659127,0.0004248268960509449,0.013243257999420166
866,0.0005421264795586467,0.0004082358500454575,0.013389067724347115
867,0.0005024055135436356,0.00038071564631536603,0.01216899510473013
868,0.0006230836734175682,0.0004787434299942106,0.014434018172323704
869,0.0005210767849348485,0.00039829325396567583,0.01227835938334465
870,0.0005949728074483573,0.00044517923379316926,0.014979361556470394
871,0.0004985599080100656,0.00038006401155143976,0.011849591508507729
872,0.0006057089194655418,0.00046858019777573645,0.013712866231799126
873,0.0005074941436760128,0.00039406129508279264,0.011343286372721195
874,0.0005590970395132899,0.0004217054811306298,0.013739165849983692
875,0.0005202220054343343,0.00039987967466004193,0.012034253217279911
876,0.0005934451473876834,0.0004494260356295854,0.01440191175788641
877,0.000615496828686446,0.00047256561811082065,0.014293125830590725
878,0.00046456835116259754,0.00035943835973739624,0.010512996464967728
879,0.00046087001101113856,0.00035647168988361955,0.01043982245028019
880,0.0005474413046613336,0.00041945467819459736,0.01279866136610508
881,0.0004931861767545342,0.0003788226458709687,0.011436335742473602
882,0.0005597431445494294,0.0004234998195897788,0.013624336570501328
883,0.0005886017461307347,0.0004500049981288612,0.013859681785106659
884,0.0005777609767392278,0.0004460337513592094,0.01317272987216711
885,0.000603719730861485,0.0004601454420480877,0.014357423409819603
886,0.000519719033036381,0.00039813961484469473,0.012157958000898361
887,0.0005895240465179086,0.00045282288920134306,0.01367009524255991
888,0.000484328978927806,0.00037519712350331247,0.01091319415718317
889,0.0005269326502457261,0.0004006405652035028,0.012629205361008644
890,0.0006223875097930431,0.00048145654727704823,0.014093100093305111
891,0.0004691933572757989,0.00035943996044807136,0.010975327342748642
892,0.0005665853386744857,0.00043462004396133125,0.013196537271142006
893,0.000538649212103337,0.0004086803528480232,0.012996877543628216
894,0.00047162818373180926,0.0003639584465418011,0.010766974650323391
895,0.0005615715053863823,0.00043282407568767667,0.012874756939709187
896,0.0005925107980147004,0.00045760057400912046,0.013491018675267696
897,0.0005696126609109342,0.00043975148582831025,0.012986097484827042
898,0.0005252774571999907,0.0004076067416463047,0.011767071671783924
899,0.00046125732478685677,0.00035113029298372567,0.01101269107311964
900,0.0005995675455778837,0.00045463803689926863,0.014492958784103394
901,0.0005262531922198832,0.00039078298141248524,0.013547028414905071
902,0.0005970355705358088,0.0004513885942287743,0.014564692042768002
903,0.0005073222564533353,0.0003856003168039024,0.01217218954116106
904,0.0005035641952417791,0.000384734506951645,0.0118829645216465
905,0.0005026541766710579,0.0003843517624773085,0.011830241419374943
906,0.0005161645240150392,0.00038744776975363493,0.012871668674051762
907,0.0004912132280878723,0.0003780000261031091,0.011321309953927994
908,0.000592297816183418,0.0004574896884150803,0.013480798341333866
909,0.0005299288895912468,0.000401522614993155,0.012840640731155872
910,0.0004761772870551795,0.00036005524452775717,0.011612210422754288
911,0.0005387307028286159,0.0004061528597958386,0.013257775455713272
912,0.0004883576766587794,0.0003788071917369962,0.010955044068396091
913,0.0006004623719491065,0.0004585421411320567,0.0141920056194067
914,0.000539064931217581,0.00041392509592697024,0.012513982132077217
915,0.0005028674495406449,0.0003783663851208985,0.012450108304619789
916,0.0005464385030791163,0.00041429794509895146,0.013214047998189926
917,0.000501729198731482,0.00038470502477139235,0.011702418327331543
918,0.0005353893502615392,0.0004097257915418595,0.01256635319441557
919,0.000561590539291501,0.0004332118551246822,0.012837887741625309
920,0.0005315890302881598,0.00040443544276058674,0.012715358287096024
921,0.0005260416655801237,0.00040382298175245523,0.012221885845065117
922,0.0005682421615347266,0.00043653114698827267,0.013171106576919556
923,0.000578163773752749,0.0004351474344730377,0.014301624149084091
924,0.0005454384372569621,0.00042226474033668637,0.012317373417317867
925,0.0005166336777620018,0.0003971259284298867,0.0119507797062397
926,0.0004821193288080394,0.0003668088756967336,0.011531027965247631
927,0.0005005795392207801,0.0003878274583257735,0.011275206692516804
928,0.00048114467062987387,0.0003648271376732737,0.011631756089627743
929,0.0004928699927404523,0.00037471289397217333,0.011815696954727173
930,0.0004886623355560005,0.0003713554469868541,0.011730695143342018
931,0.0006484354380518198,0.0004933010204695165,0.01551345270127058
932,0.00047155411448329687,0.0003577003662940115,0.011385370045900345
933,0.0005334836896508932,0.00040283030830323696,0.013065329752862453
934,0.0005869853775948286,0.0004518481728155166,0.013513711281120777
935,0.00047577935038134456,0.0003680552472360432,0.010772411711513996
936,0.0005845462437719107,0.00044407552923075855,0.014047076925635338
937,0.0006475603440776467,0.0004943511448800564,0.015320910140872002
938,0.0005002302932552993,0.0003841696016024798,0.011606071144342422
939,0.0005472928751260042,0.0004065641842316836,0.014072873629629612
940,0.0005481883999891579,0.00041467673145234585,0.013351161032915115
941,0.0005821554805152118,0.00044151541078463197,0.0140640027821064
942,0.0005888637388125062,0.00045387877617031336,0.013498484157025814
943,0.0005533533403649926,0.0004226606397423893,0.013069285079836845
944,0.0005939997499808669,0.00045868876622989774,0.013531096279621124
945,0.0005811103619635105,0.0004511314327828586,0.012997887097299099
946,0.000515215564519167,0.0003889479849021882,0.012626761570572853
947,0.0006070466479286551,0.00046722209663130343,0.013982436619699001
948,0.0004461459757294506,0.0003438701096456498,0.010227594524621964
949,0.0004638598475139588,0.0003562546626199037,0.010760515928268433
950,0.0005516643286682665,0.0004250275669619441,0.01266368106007576
951,0.0005516711389645934,0.00042780564399436116,0.012386561371386051
952,0.0004956073826178908,0.0003764249850064516,0.011918232776224613
953,0.0005325727979652584,0.0004132653120905161,0.011930769309401512
954,0.00047163839917629957,0.0003600230847951025,0.011161540634930134
955,0.0004976261407136917,0.0003763883141800761,0.012123798951506615
956,0.0004885452799499035,0.0003736985963769257,0.011484690010547638
957,0.00052023766329512,0.000397010357119143,0.012322737835347652
958,0.0005069698672741652,0.0003848778724204749,0.01220918633043766
959,0.0006002162117511034,0.00046254790504463017,0.013766841031610966
960,0.0004947723937220871,0.00038017044425942004,0.011460190638899803
961,0.0005196981364861131,0.00038717742427252233,0.013252067379653454
962,0.0005018316442146897,0.0003869454958476126,0.011488612741231918
963,0.000525438052136451,0.0003961338079534471,0.012930423952639103
964,0.0006425026222132146,0.0004836036532651633,0.015889881178736687
965,0.0004991244641132653,0.0003778148384299129,0.01213095709681511
966,0.0005243688938207924,0.0004048234550282359,0.0119545366615057
967,0.0006179939373396337,0.00047754953266121447,0.014044436626136303
968,0.0005157831474207342,0.0003929934755433351,0.012278965674340725
969,0.0005302347708493471,0.00040975637966766953,0.0120478430762887
970,0.0005475812940858305,0.00041669412166811526,0.013088700361549854
971,0.0005169161013327539,0.0003985457879025489,0.011837039142847061
972,0.000465662800706923,0.0003534378483891487,0.011222494766116142
973,0.0005560190184041858,0.0004267849726602435,0.012923400849103928
974,0.0005253982963040471,0.0003958379093091935,0.012956034392118454
975,0.0004483156662900001,0.00033297095797024667,0.011534461751580238
976,0.0005304770893417299,0.000405657512601465,0.012481973506510258
977,0.0006150646368041635,0.00047380413161590695,0.014126045629382133
978,0.0005112949875183403,0.00039019755786284804,0.012109765782952309
979,0.0005769124836660922,0.00044110362068749964,0.01358087733387947
980,0.0005421660607680678,0.0004103776009287685,0.013178849592804909
981,0.0006439531571231782,0.0004926954861730337,0.015125742182135582
982,0.0005309164989739656,0.0003960071480832994,0.013490933924913406
983,0.00043928733794018626,0.0003322225820738822,0.010706484317779541
984,0.0005431798053905368,0.00041785440407693386,0.012532544322311878
985,0.0004553896433208138,0.00034818198764696717,0.010720760561525822
986,0.0005219061858952045,0.00039406350697390735,0.012784259393811226
987,0.0005909395404160023,0.0004517744528129697,0.013916516676545143
988,0.0005750199779868126,0.00044072288437746465,0.013429705053567886
989,0.0005612895474769175,0.00042624000343494117,0.013504964299499989
990,0.00044789561070501804,0.0003344299038872123,0.011346569284796715
991,0.0005767869297415018,0.0004450826963875443,0.013170447200536728
992,0.0005664833006449044,0.00043688618461601436,0.012959706597030163
993,0.0005394758190959692,0.0004147979198023677,0.012467807158827782
994,0.000580079504288733,0.0004457503673620522,0.013432912528514862
995,0.0006498947041109204,0.0004918607301078737,0.015803391113877296
996,0.0004689130582846701,0.0003523532650433481,0.011655978858470917
997,0.0005110099446028471,0.00038554967613890767,0.012546028941869736
998,0.0005480844993144274,0.00041688993223942816,0.013119449838995934
999,0.00048300702474080026,0.00036820265813730657,0.011480426415801048
